771;772;773;774;775;776;777;778;779
##;##;##;##;##;##;##;##;##
##;##;##;##;##;##;##;##;##
##;##;##;##;##;##;##;##;##
##;##;##;##;##;##;##;##;##
##;##;##;##;##;##;##;##;##
##;##;##;##;##;##;##;##;##
##;##;##;##;##;##;##;##;##
Компьютерные технологии#Лунев Д.В.#Актовый зал;Компьютерные технологии#Лунев Д.В.#Актовый зал;Компьютерные технологии#Лунев Д.В.#Актовый зал;Компьютерные технологии#Лунев Д.В.#Актовый зал;Компьютерные технологии#Лунев Д.В.#Актовый зал;Компьютерные технологии#Лунев Д.В.#Актовый зал;Компьютерные технологии#Лунев Д.В.#Актовый зал;Компьютерные технологии#Лунев Д.В.#Актовый зал;Компьютерные технологии#Лунев Д.В.#Актовый зал
Ин.яз.##;Ин.яз.##;Ин.яз.##;Ин.яз.##;Ин.яз.##;Ин.яз.##;Ин.яз.##;Ин.яз.##;Ин.яз.##
Мера и интеграл Лебега#Гусев Н.А.#239 НК;Мера и интеграл Лебега#Гусев Н.А.#239 НК;Мера и интеграл Лебега#Гусев Н.А.#239 НК;Мера и интеграл Лебега#Гусев Н.А.#239 НК;Мера и интеграл Лебега#Гусев Н.А.#239 НК;Мера и интеграл Лебега#Гусев Н.А.#239 НК;Мера и интеграл Лебега#Гусев Н.А.#239 НК;Мера и интеграл Лебега#Гусев Н.А.#239 НК;Мера и интеграл Лебега#Гусев Н.А.#239 НК
Дифф.ур.#Прончева О.Г.#527 ГК;##;Дифф.ур.#Пыркова О.А.#413 ГК;Дифф.ур.#Подлипский О.К.#412  ГК;Дифф.ур.#Голубев М.О.#526  ГК;##;##;##;##
##;Дифф.ур.#Подлипский О.К.#412 ГК;##;##;##;Алг.и мод.выч.#Кульков А.#420 ГК;##;Дифф.ур.#Пыркова О.А.#413 ГК;Общая физика#Чивилев В.И.#529 ГК
Современные проблемы прикладной математики##202 НК;Современные проблемы прикладной математики##202 НК;Современные проблемы прикладной математики##202 НК;Современные проблемы прикладной математики##202 НК;Современные проблемы прикладной математики##202 НК;Современные проблемы прикладной математики##202 НК;Современные проблемы прикладной математики##202 НК;Современные проблемы прикладной математики##202 НК;Современные проблемы прикладной математики##202 НК
Современные проблемы прикладной математики##202 НК;Современные проблемы прикладной математики##202 НК;Современные проблемы прикладной математики##202 НК;Современные проблемы прикладной математики##202 НК;Современные проблемы прикладной математики##202 НК;Современные проблемы прикладной математики##202 НК;Современные проблемы прикладной математики##202 НК;Современные проблемы прикладной математики##202 НК;Современные проблемы прикладной математики##202 НК
Общая физика#Лапушкин Г.И.#515 ГК;Алг.и мод.выч.#Плавин А.В.#413  ГК;##;Алг.и мод.выч.#Селиханович Д.А.#432 ГК;Алг.и мод.выч.#Иванов А.В.#432 ГК;##;##;Гармон.ан.#Агаханова Я.С.#409 ГК;Алг.и мод.выч.#Шестаков С.А.#521 ГК
Аналитическая механика#Иванов А.П.#202 НК;Аналитическая механика#Иванов А.П.#202 НК;Аналитическая механика#Иванов А.П.#202 НК;Аналитическая механика#Иванов А.П.#202 НК;Аналитическая механика#Иванов А.П.#202 НК;Аналитическая механика#Иванов А.П.#202 НК;Аналитическая механика#Иванов А.П.#202 НК;Аналитическая механика#Иванов А.П.#202 НК;Аналитическая механика#Иванов А.П.#202 НК
##;##;##;Аналит.мех.#Семендяев С.В.#413  ГК;Общая физика#Нухов А.К.#117 ГК;##;Дифф.ур.#Голованов Ю.В.#415 ГК;##;Аналит.мех.#Ткачев С.С.#412 ГК
##;Аналит.мех.#Семендяев С.В.#413  ГК;Алг.и мод.выч.#Гончаров М.Ю.#202 НК;##;##;##;Аналит.мех.#Иванов А.П.#529 ГК;##;##
Доп. главы дискретного анализа#Гордеев Э.Н.#Б.Физ.;Доп. главы дискретного анализа#Гордеев Э.Н.#Б.Физ.;Доп. главы дискретного анализа#Гордеев Э.Н.#Б.Физ.;Доп. главы дискретного анализа#Гордеев Э.Н.#Б.Физ.;Доп. главы дискретного анализа#Гордеев Э.Н.#Б.Физ.;Доп. главы дискретного анализа#Гордеев Э.Н.#Б.Физ.;Доп. главы дискретного анализа#Гордеев Э.Н.#Б.Физ.;Доп. главы дискретного анализа#Гордеев Э.Н.#Б.Физ.;Доп. главы дискретного анализа#Гордеев Э.Н.#Б.Физ.
Доп. главы дискретного анализа#Гордеев Э.Н.#Б.Физ.;Доп. главы дискретного анализа#Гордеев Э.Н.#Б.Физ.;Доп. главы дискретного анализа#Гордеев Э.Н.#Б.Физ.;Доп. главы дискретного анализа#Гордеев Э.Н.#Б.Физ.;Доп. главы дискретного анализа#Гордеев Э.Н.#Б.Физ.;Доп. главы дискретного анализа#Гордеев Э.Н.#Б.Физ.;Доп. главы дискретного анализа#Гордеев Э.Н.#Б.Физ.;Доп. главы дискретного анализа#Гордеев Э.Н.#Б.Физ.;Доп. главы дискретного анализа#Гордеев Э.Н.#Б.Физ.
##;##;##;##;##;##;##;##;##
Дифференциальные уравнения#Пыркова О.А.#Актовый зал;Дифференциальные уравнения#Пыркова О.А.#Актовый зал;Дифференциальные уравнения#Пыркова О.А.#Актовый зал;Дифференциальные уравнения#Пыркова О.А.#Актовый зал;Дифференциальные уравнения#Пыркова О.А.#Актовый зал;Дифференциальные уравнения#Пыркова О.А.#Актовый зал;Дифференциальные уравнения#Пыркова О.А.#Актовый зал;Дифференциальные уравнения#Пыркова О.А.#Актовый зал;Дифференциальные уравнения#Пыркова О.А.#Актовый зал
Гармон.ан.#Агаханова Я.С.#413  ГК;##;Гармон.ан.#Скубачевский А.А.#Актовый зал;##;Гармон.ан.#Голубев М.О.#524  ГК;Дифф.ур.#Пыркова О.А.#412 ГК;##;##;Гармон.анализ#Трушин В.Б.#516  ГК
Гармонический анализ#Бесов О.В.#Б.Физ.;Гармонический анализ#Бесов О.В.#Б.Физ.;Гармонический анализ#Бесов О.В.#Б.Физ.;Гармонический анализ#Бесов О.В.#Б.Физ.;Гармонический анализ#Бесов О.В.#Б.Физ.;Гармонический анализ#Бесов О.В.#Б.Физ.;Гармонический анализ#Бесов О.В.#Б.Физ.;Гармонический анализ#Бесов О.В.#Б.Физ.;Гармонический анализ#Бесов О.В.#Б.Физ.
Ин.яз.##;Ин.яз.##;Ин.яз.##;Ин.яз.##;Ин.яз.##;Ин.яз.##;Ин.яз.##;Ин.яз.##;Ин.яз.##
##;##;##;##;##;##;Компьютерные технологии#Чуканова О.В.#801 КПМ;Общая физика#Локшин Г.Р.#524 ГК;##
##;##;##;##;Компьютерные технологии#Овсянникова Т.В.#702 КПМ;Гармон.анализ#Ждановский И.Ю.#514 ГК;Компьютерные технологии#Чуканова О.В.#801 КПМ;Алг.и мод.выч.#Горбунов Э.А.#411 ГК;##
##;##;##;##;Компьютерные технологии#Овсянникова Т.В.#702 КПМ;##;##;##;##
Общая физика: лаб.практикум#Минаков Д.В._Миславский В.В.#;##;##;Компьютерные технологии#Красильников Н.И.#806 КПМ;Аналит.мех.#Ханукаев Ю.И.#417 ГК;##;Общая физика: лаб.практикум#Лобачев В.В._Жуков С.С#;##;Общая физика: лаб.практикум#Зеленый М.Е._Овчиннииков К.А.#
Общая физика: лаб.практикум#Минаков Д.В._Миславский В.В.#;Общая физика#Алескеров И.А.#514 ГК;Аналит.мех.#Маштаков Я.В.#415 ГК;Компьютерные технологии#Красильников Н.И.#806 КПМ;##;Аналит.мех.#Ханукаев Ю.И.#417 ГК;Общая физика: лаб.практикум#Лобачев В.В._Жуков С.С#;##;Общая физика: лаб.практикум#Зеленый М.Е._Овчиннииков К.А.#
##;##;##;##;##;##;##;Аналит.мех.#Маштаков Я.В.#415 ГК;##
Аналит.мех.#Кузьминых В.А.#419 ГК;Гармон.ан.#Молчанов Е.Г.#411  ГК;Общая физика: лаб.практикум#Баженов С.Л._Миславский В.В.#;Общая физика: лаб.практикум#Минаков Д.В._Алескеров И.А.#;##;##;##;Общая физика: лаб.практикум#Лобачев В.В._Жуков С.С.#;##
Компьютерные технологии#Бабичев С.Л.#801 КПМ;Компьютерные технологии#Кулиев Р.С.#321 ЛК;Общая физика: лаб.практикум#Баженов С.Л._Миславский В.В.#;Общая физика: лаб.практикум#Минаков Д.В._Алескеров И.А.#;##;Общая физика#Коротеев Г.А.#516а ГК;Гармон.анализ#Молчанов Е.Г.#411 ГК;Общая физика: лаб.практикум#Лобачев В.В._Жуков С.С.#;Компьютерные технологии#Шумилин А.А.#702 КПМ
Компьютерные технологии#Бабичев С.Л.#801 КПМ;Компьютерные технологии#Кулиев Р.С.#321 ЛК;Компьютерные технологии#Скубачевский А.А.#320 ЛК;##;##;Компьютерные технологии#Гутник С.А.#317 ЛК;##;##;Компьютерные технологии#Шумилин А.А.#702 КПМ
Алг.и мод.выч.#Останин П.А.#432  ГК;##;Компьютерные технологии#Скубачевский А.А.#320 ЛК;##;##;Компьютерные технологии#Гутник С.А.#317 ЛК;##;##;##
##;##;Общая физика#Миславский В.В.#514 ГК;##;##;##;Алг.и мод.выч.#Тарасов С.П.#415 ГК;##;##
Общая физика: оптика#Аланакян Ю.Р.#Гл.Физ.;Общая физика: оптика#Аланакян Ю.Р.#Гл.Физ.;Общая физика: оптика#Аланакян Ю.Р.#Гл.Физ.;Общая физика: оптика#Аланакян Ю.Р.#Гл.Физ.;Общая физика: оптика#Аланакян Ю.Р.#Гл.Физ.;Общая физика: оптика#Аланакян Ю.Р.#Гл.Физ.;Общая физика: оптика#Аланакян Ю.Р.#Гл.Физ.;Общая физика: оптика#Аланакян Ю.Р.#Гл.Физ.;Общая физика: оптика#Аланакян Ю.Р.#Гл.Физ.
Алгоритмы и модели вычислений#Тарасов С.П.#239 НК;Алгоритмы и модели вычислений#Тарасов С.П.#239 НК;Алгоритмы и модели вычислений#Тарасов С.П.#239 НК;Алгоритмы и модели вычислений#Тарасов С.П.#239 НК;Алгоритмы и модели вычислений#Тарасов С.П.#239 НК;Алгоритмы и модели вычислений#Тарасов С.П.#239 НК;Алгоритмы и модели вычислений#Тарасов С.П.#239 НК;Алгоритмы и модели вычислений#Тарасов С.П.#239 НК;Алгоритмы и модели вычислений#Тарасов С.П.#239 НК
##;Общая физика: лаб.практикум#Миславский В.В._Казимиров А.А.#;##;Общая физика#Нозик А.А.#532 ГК;Общая физика: лаб.практикум#Коренев Д.П._Дьячков Н.В.#;Общая физика: лаб.практикум#Кубышкин А.В._Арсеньев А.Р.#;Общая физика#Аланакян Ю.Р.#507а ГК;##;Дифф.ур.#Лизунов А.Ю.#523 ГК
##;Общая физика: лаб.практикум#Миславский В.В._Казимиров А.А.#;##;Гармон.анализ#Шаньков В.В.#413 ГК;Общая физика: лаб.практикум#Коренев Д.П._Дьячков Н.В.#;Общая физика: лаб.практикум#Кубышкин А.В._Арсеньев А.Р.#;##;##;##
##;##;##;##;##;##;##;Компьютерные технологии#Субботина А.Ю.#801 КПМ;##
##;##;##;##;##;##;##;Компьютерные технологии#Субботина А.Ю.#801 КПМ;##
